{
    "variants":
	{
        "": [
        	{ "model": "betternether:block/nether_ruby_ore" },
        	{ "model": "betternether:block/nether_ruby_ore", "y": 90 },
        	{ "model": "betternether:block/nether_ruby_ore", "y": 180 },
        	{ "model": "betternether:block/nether_ruby_ore", "y": 270 },
			{ "model": "betternether:block/nether_ruby_ore", "x": 90 },
        	{ "model": "betternether:block/nether_ruby_ore", "x": 90, "y": 90 },
        	{ "model": "betternether:block/nether_ruby_ore", "x": 90, "y": 180 },
        	{ "model": "betternether:block/nether_ruby_ore", "x": 90, "y": 270 },
			{ "model": "betternether:block/nether_ruby_ore", "x": 180 },
        	{ "model": "betternether:block/nether_ruby_ore", "x": 180, "y": 90 },
        	{ "model": "betternether:block/nether_ruby_ore", "x": 180, "y": 180 },
        	{ "model": "betternether:block/nether_ruby_ore", "x": 180, "y": 270 },
			{ "model": "betternether:block/nether_ruby_ore", "x": 270 },
        	{ "model": "betternether:block/nether_ruby_ore", "x": 270, "y": 90 },
        	{ "model": "betternether:block/nether_ruby_ore", "x": 270, "y": 180 },
        	{ "model": "betternether:block/nether_ruby_ore", "x": 270, "y": 270 },
        	{ "model": "betternether:block/nether_ruby_ore1" },
        	{ "model": "betternether:block/nether_ruby_ore1", "y": 90 },
        	{ "model": "betternether:block/nether_ruby_ore1", "y": 180 },
        	{ "model": "betternether:block/nether_ruby_ore1", "y": 270 },
			{ "model": "betternether:block/nether_ruby_ore1", "x": 90 },
        	{ "model": "betternether:block/nether_ruby_ore1", "x": 90, "y": 90 },
        	{ "model": "betternether:block/nether_ruby_ore1", "x": 90, "y": 180 },
        	{ "model": "betternether:block/nether_ruby_ore1", "x": 90, "y": 270 },
			{ "model": "betternether:block/nether_ruby_ore1", "x": 180 },
        	{ "model": "betternether:block/nether_ruby_ore1", "x": 180, "y": 90 },
        	{ "model": "betternether:block/nether_ruby_ore1", "x": 180, "y": 180 },
        	{ "model": "betternether:block/nether_ruby_ore1", "x": 180, "y": 270 },
			{ "model": "betternether:block/nether_ruby_ore1", "x": 270 },
        	{ "model": "betternether:block/nether_ruby_ore1", "x": 270, "y": 90 },
        	{ "model": "betternether:block/nether_ruby_ore1", "x": 270, "y": 180 },
        	{ "model": "betternether:block/nether_ruby_ore1", "x": 270, "y": 270 },
			{ "model": "betternether:block/nether_ruby_ore2" },
        	{ "model": "betternether:block/nether_ruby_ore2", "y": 90 },
        	{ "model": "betternether:block/nether_ruby_ore2", "y": 180 },
        	{ "model": "betternether:block/nether_ruby_ore2", "y": 270 },
			{ "model": "betternether:block/nether_ruby_ore2", "x": 90 },
        	{ "model": "betternether:block/nether_ruby_ore2", "x": 90, "y": 90 },
        	{ "model": "betternether:block/nether_ruby_ore2", "x": 90, "y": 180 },
        	{ "model": "betternether:block/nether_ruby_ore2", "x": 90, "y": 270 },
			{ "model": "betternether:block/nether_ruby_ore2", "x": 180 },
        	{ "model": "betternether:block/nether_ruby_ore2", "x": 180, "y": 90 },
        	{ "model": "betternether:block/nether_ruby_ore2", "x": 180, "y": 180 },
        	{ "model": "betternether:block/nether_ruby_ore2", "x": 180, "y": 270 },
			{ "model": "betternether:block/nether_ruby_ore2", "x": 270 },
        	{ "model": "betternether:block/nether_ruby_ore2", "x": 270, "y": 90 },
        	{ "model": "betternether:block/nether_ruby_ore2", "x": 270, "y": 180 },
        	{ "model": "betternether:block/nether_ruby_ore2", "x": 270, "y": 270 }
        ]
    }
}